{
    "ball1": [
        {
            "ball_active": true,
            "collision_shape": "SPHERE",
            "ball_mass": 0.0072382294738708814,
            "ball_density": 1,
            "ball_volume": 0.0072382294738708814
        }
    ],
    "ball2": [
        {
            "ball_active": true,
            "collision_shape": "SPHERE",
            "ball_mass": 0.0072382294738708814,
            "ball_density": 1,
            "ball_volume": 0.0072382294738708814
        }
    ],
    "ground": {
        "positive_points": [
            [
                592,
                736
            ]
        ],
        "negative_points": []
    },
    "initial_height1": 2.0376123856641755,
    "initial_height2": 0.9942834117619668,
    "size1": 0.12,
    "size2": 0.12,
    "camera_depth": 4.686508487027603,
    "camera_position": [
        -3.4628682679634326,
        3.1578323511094903,
        1.0188061928320877
    ],
    "camera_lookat": [
        0.0,
        0.0,
        1.0188061928320877
    ],
    "camera_intrinsics": "default",
    "time": 2,
    "num_frames": 48,
    "frame_start": 0,
    "frame_0": "absolute_ground_truth_v10/sample_48/frame_0000.png",
    "video_path": "absolute_ground_truth_v10/sample_48/video.mp4",
    "chosen_hdri": "outdoor_hdri/sunflowers_puresky_4k.hdr",
    "ground_material_file": "outdoor_grounds/asphalt_02_4k.blend/asphalt_02_4k.blend",
    "fps": 24,
    "centroid_x1": 124.15296566077004,
    "centroid_y1": 252.75219265645904,
    "centroid_x2": 594.836052955665,
    "centroid_y2": 648.8145012315271,
    "resolution": [
        720,
        1280
    ],
    "rotation_azimuth": 2.4022349884602585,
    "object_1": {
        "positive_points": [
            [
                124,
                253
            ]
        ],
        "negative_points": []
    },
    "object_2": {
        "positive_points": [
            [
                595,
                649
            ]
        ],
        "negative_points": []
    }
}