{
    "ball1": [
        {
            "ball_active": true,
            "collision_shape": "SPHERE",
            "ball_mass": 0.0048490482608158445,
            "ball_density": 1,
            "ball_volume": 0.0048490482608158445
        }
    ],
    "ball2": [
        {
            "ball_active": true,
            "collision_shape": "SPHERE",
            "ball_mass": 0.0048490482608158445,
            "ball_density": 1,
            "ball_volume": 0.0048490482608158445
        }
    ],
    "ground": {
        "positive_points": [
            [
                228,
                731
            ]
        ],
        "negative_points": []
    },
    "initial_height1": 2.27760680046109,
    "initial_height2": 3.548925151003167,
    "size1": 0.105,
    "size2": 0.105,
    "camera_depth": 8.162527847307283,
    "camera_position": [
        8.086309164739728,
        -1.1128634014618157,
        1.7744625755015835
    ],
    "camera_lookat": [
        0.0,
        0.0,
        1.7744625755015835
    ],
    "camera_intrinsics": "default",
    "time": 2,
    "num_frames": 48,
    "frame_start": 0,
    "frame_0": "absolute_ground_truth_v10/sample_7/frame_0000.png",
    "video_path": "absolute_ground_truth_v10/sample_7/video.mp4",
    "chosen_hdri": "outdoor_hdri/ehingen_hillside_02_4k.hdr",
    "ground_material_file": "outdoor_grounds/asphalt_02_4k.blend/asphalt_02_4k.blend",
    "fps": 24,
    "centroid_x1": 227.73907536415453,
    "centroid_y1": 529.9221025965801,
    "centroid_x2": 491.25898389095414,
    "centroid_y2": 252.93308550185873,
    "resolution": [
        720,
        1280
    ],
    "rotation_azimuth": 6.146421274234081,
    "object_1": {
        "positive_points": [
            [
                228,
                530
            ]
        ],
        "negative_points": []
    },
    "object_2": {
        "positive_points": [
            [
                491,
                253
            ]
        ],
        "negative_points": []
    }
}