{
    "ball1": [
        {
            "ball_active": true,
            "collision_shape": "SPHERE",
            "ball_mass": 0.005575279762570685,
            "ball_density": 1,
            "ball_volume": 0.005575279762570685
        }
    ],
    "ball2": [
        {
            "ball_active": true,
            "collision_shape": "SPHERE",
            "ball_mass": 0.005575279762570685,
            "ball_density": 1,
            "ball_volume": 0.005575279762570685
        }
    ],
    "ground": {
        "positive_points": [
            [
                628,
                756
            ]
        ],
        "negative_points": []
    },
    "initial_height1": 1.7825207025052794,
    "initial_height2": 0.7822972620680249,
    "size1": 0.11,
    "size2": 0.11,
    "camera_depth": 4.099797615762142,
    "camera_position": [
        -4.0258524851173085,
        0.7751466043812197,
        0.8912603512526397
    ],
    "camera_lookat": [
        0.0,
        0.0,
        0.8912603512526397
    ],
    "camera_intrinsics": "default",
    "time": 2,
    "num_frames": 48,
    "frame_start": 0,
    "frame_0": "absolute_ground_truth_v10/sample_37/frame_0000.png",
    "video_path": "absolute_ground_truth_v10/sample_37/video.mp4",
    "chosen_hdri": "outdoor_hdri/ehingen_hillside_02_4k.hdr",
    "ground_material_file": "outdoor_grounds/concrete_floor_03_4k.blend/concrete_floor_03_4k.blend",
    "fps": 24,
    "centroid_x1": 94.78685636856369,
    "centroid_y1": 252.7807588075881,
    "centroid_x2": 624.2230854605993,
    "centroid_y2": 686.8006381798002,
    "resolution": [
        720,
        1280
    ],
    "rotation_azimuth": 2.95137820479241,
    "object_1": {
        "positive_points": [
            [
                95,
                253
            ]
        ],
        "negative_points": []
    },
    "object_2": {
        "positive_points": [
            [
                624,
                687
            ]
        ],
        "negative_points": []
    }
}