{
    "ball1": [
        {
            "ball_active": true,
            "collision_shape": "SPHERE",
            "ball_mass": 0.0048490482608158445,
            "ball_density": 1,
            "ball_volume": 0.0048490482608158445
        }
    ],
    "ball2": [
        {
            "ball_active": true,
            "collision_shape": "SPHERE",
            "ball_mass": 0.0048490482608158445,
            "ball_density": 1,
            "ball_volume": 0.0048490482608158445
        }
    ],
    "ground": {
        "positive_points": [
            [
                486,
                755
            ]
        ],
        "negative_points": []
    },
    "initial_height1": 3.715933976806428,
    "initial_height2": 1.5680689002896377,
    "size1": 0.105,
    "size2": 0.105,
    "camera_depth": 8.546648146654784,
    "camera_position": [
        -8.44928599432841,
        -1.2863750342584523,
        1.857966988403214
    ],
    "camera_lookat": [
        0.0,
        0.0,
        1.857966988403214
    ],
    "camera_intrinsics": "default",
    "time": 2,
    "num_frames": 48,
    "frame_start": 0,
    "frame_0": "absolute_ground_truth_v10/sample_28/frame_0000.png",
    "video_path": "absolute_ground_truth_v10/sample_28/video.mp4",
    "chosen_hdri": "outdoor_hdri/sunflowers_puresky_4k.hdr",
    "ground_material_file": "outdoor_grounds/asphalt_02_4k.blend/asphalt_02_4k.blend",
    "fps": 24,
    "centroid_x1": 233.6155419222904,
    "centroid_y1": 252.97477845944104,
    "centroid_x2": 485.3744769874477,
    "centroid_y2": 699.8110181311018,
    "resolution": [
        720,
        1280
    ],
    "rotation_azimuth": 3.292679034027249,
    "object_1": {
        "positive_points": [
            [
                234,
                253
            ]
        ],
        "negative_points": []
    },
    "object_2": {
        "positive_points": [
            [
                485,
                700
            ]
        ],
        "negative_points": []
    }
}