{
    "ball1": [
        {
            "ball_active": true,
            "collision_shape": "SPHERE",
            "ball_mass": 0.0072382294738708814,
            "ball_density": 1,
            "ball_volume": 0.0072382294738708814
        }
    ],
    "ball2": [
        {
            "ball_active": true,
            "collision_shape": "SPHERE",
            "ball_mass": 0.0072382294738708814,
            "ball_density": 1,
            "ball_volume": 0.0072382294738708814
        }
    ],
    "ground": {
        "positive_points": [
            [
                534,
                744
            ]
        ],
        "negative_points": []
    },
    "initial_height1": 2.545612861241584,
    "initial_height2": 1.9533850567965099,
    "size1": 0.12,
    "size2": 0.12,
    "camera_depth": 5.854909580855643,
    "camera_position": [
        2.8257059015593837,
        -5.127899409883902,
        1.272806430620792
    ],
    "camera_lookat": [
        0.0,
        0.0,
        1.272806430620792
    ],
    "camera_intrinsics": "default",
    "time": 2,
    "num_frames": 48,
    "frame_start": 0,
    "frame_0": "absolute_ground_truth_v10/sample_15/frame_0000.png",
    "video_path": "absolute_ground_truth_v10/sample_15/video.mp4",
    "chosen_hdri": "outdoor_hdri/quarry_01_4k.hdr",
    "ground_material_file": "outdoor_grounds/asphalt_02_4k.blend/asphalt_02_4k.blend",
    "fps": 24,
    "centroid_x1": 171.14272453005339,
    "centroid_y1": 252.82664191227664,
    "centroid_x2": 547.842532855436,
    "centroid_y2": 432.7510155316607,
    "resolution": [
        720,
        1280
    ],
    "rotation_azimuth": 5.216034525158757,
    "object_1": {
        "positive_points": [
            [
                171,
                253
            ]
        ],
        "negative_points": []
    },
    "object_2": {
        "positive_points": [
            [
                548,
                433
            ]
        ],
        "negative_points": []
    }
}