{
    "ball1": [
        {
            "ball_active": true,
            "collision_shape": "SPHERE",
            "ball_mass": 0.0048490482608158445,
            "ball_density": 1,
            "ball_volume": 0.0048490482608158445
        }
    ],
    "ball2": [
        {
            "ball_active": true,
            "collision_shape": "SPHERE",
            "ball_mass": 0.0048490482608158445,
            "ball_density": 1,
            "ball_volume": 0.0048490482608158445
        }
    ],
    "ground": {
        "positive_points": [
            [
                180,
                716
            ]
        ],
        "negative_points": []
    },
    "initial_height1": 1.696207364588064,
    "initial_height2": 2.54277140026047,
    "size1": 0.105,
    "size2": 0.105,
    "camera_depth": 5.848374220599081,
    "camera_position": [
        4.305505311201163,
        -3.958043082052857,
        1.271385700130235
    ],
    "camera_lookat": [
        0.0,
        0.0,
        1.271385700130235
    ],
    "camera_intrinsics": "default",
    "time": 2,
    "num_frames": 48,
    "frame_start": 0,
    "frame_0": "absolute_ground_truth_v10/sample_5/frame_0000.png",
    "video_path": "absolute_ground_truth_v10/sample_5/video.mp4",
    "chosen_hdri": "outdoor_hdri/ehingen_hillside_02_4k.hdr",
    "ground_material_file": "outdoor_grounds/asphalt_02_4k.blend/asphalt_02_4k.blend",
    "fps": 24,
    "centroid_x1": 175.5081063553826,
    "centroid_y1": 510.3900778210117,
    "centroid_x2": 543.4472266244057,
    "centroid_y2": 252.90047543581616,
    "resolution": [
        720,
        1280
    ],
    "rotation_azimuth": 5.539809972062873,
    "object_1": {
        "positive_points": [
            [
                176,
                510
            ]
        ],
        "negative_points": []
    },
    "object_2": {
        "positive_points": [
            [
                543,
                253
            ]
        ],
        "negative_points": []
    }
}