{
    "ball1": [
        {
            "ball_active": true,
            "collision_shape": "SPHERE",
            "ball_mass": 0.0048490482608158445,
            "ball_density": 1,
            "ball_volume": 0.0048490482608158445
        }
    ],
    "ball2": [
        {
            "ball_active": true,
            "collision_shape": "SPHERE",
            "ball_mass": 0.0048490482608158445,
            "ball_density": 1,
            "ball_volume": 0.0048490482608158445
        }
    ],
    "ground": {
        "positive_points": [
            [
                64,
                763
            ]
        ],
        "negative_points": []
    },
    "initial_height1": 0.6714306112592068,
    "initial_height2": 1.5816791094870217,
    "size1": 0.105,
    "size2": 0.105,
    "camera_depth": 3.63786195182015,
    "camera_position": [
        -2.6799910133493174,
        -2.4600178350710404,
        0.7908395547435109
    ],
    "camera_lookat": [
        0.0,
        0.0,
        0.7908395547435109
    ],
    "camera_intrinsics": "default",
    "time": 2,
    "num_frames": 48,
    "frame_start": 0,
    "frame_0": "absolute_ground_truth_v10/sample_44/frame_0000.png",
    "video_path": "absolute_ground_truth_v10/sample_44/video.mp4",
    "chosen_hdri": "outdoor_hdri/belfast_sunset_4k.hdr",
    "ground_material_file": "outdoor_grounds/concrete_floor_03_4k.blend/concrete_floor_03_4k.blend",
    "fps": 24,
    "centroid_x1": 63.58713435795736,
    "centroid_y1": 697.9035696579078,
    "centroid_x2": 655.3765236470015,
    "centroid_y2": 252.71160409556313,
    "resolution": [
        720,
        1280
    ],
    "rotation_azimuth": 3.884220651208061,
    "object_1": {
        "positive_points": [
            [
                64,
                698
            ]
        ],
        "negative_points": []
    },
    "object_2": {
        "positive_points": [
            [
                655,
                253
            ]
        ],
        "negative_points": []
    }
}