{
    "ball1": [
        {
            "ball_active": true,
            "collision_shape": "SPHERE",
            "ball_mass": 0.0048490482608158445,
            "ball_density": 1,
            "ball_volume": 0.0048490482608158445
        }
    ],
    "ball2": [
        {
            "ball_active": true,
            "collision_shape": "SPHERE",
            "ball_mass": 0.0048490482608158445,
            "ball_density": 1,
            "ball_volume": 0.0048490482608158445
        }
    ],
    "ground": {
        "positive_points": [
            [
                488,
                731
            ]
        ],
        "negative_points": []
    },
    "initial_height1": 3.6585591140469993,
    "initial_height2": 2.95509466567635,
    "size1": 0.105,
    "size2": 0.105,
    "camera_depth": 8.414685962308099,
    "camera_position": [
        5.690619610886537,
        6.198692466033344,
        1.8292795570234996
    ],
    "camera_lookat": [
        0.0,
        0.0,
        1.8292795570234996
    ],
    "camera_intrinsics": "default",
    "time": 2,
    "num_frames": 48,
    "frame_start": 0,
    "frame_0": "absolute_ground_truth_v10/sample_17/frame_0000.png",
    "video_path": "absolute_ground_truth_v10/sample_17/video.mp4",
    "chosen_hdri": "outdoor_hdri/belfast_sunset_4k.hdr",
    "ground_material_file": "outdoor_grounds/concrete_floor_03_4k.blend/concrete_floor_03_4k.blend",
    "fps": 24,
    "centroid_x1": 231.72721268163804,
    "centroid_y1": 252.94517833553502,
    "centroid_x2": 487.334672021419,
    "centroid_y2": 401.6131191432396,
    "resolution": [
        720,
        1280
    ],
    "rotation_azimuth": 0.8281057579488944,
    "object_1": {
        "positive_points": [
            [
                232,
                253
            ]
        ],
        "negative_points": []
    },
    "object_2": {
        "positive_points": [
            [
                487,
                402
            ]
        ],
        "negative_points": []
    }
}