{
    "ball1": [
        {
            "ball_active": true,
            "collision_shape": "SPHERE",
            "ball_mass": 0.005575279762570685,
            "ball_density": 1,
            "ball_volume": 0.005575279762570685
        }
    ],
    "ball2": [
        {
            "ball_active": true,
            "collision_shape": "SPHERE",
            "ball_mass": 0.005575279762570685,
            "ball_density": 1,
            "ball_volume": 0.005575279762570685
        }
    ],
    "ground": {
        "positive_points": [
            [
                500,
                744
            ]
        ],
        "negative_points": []
    },
    "initial_height1": 3.100164135031023,
    "initial_height2": 1.8423606053255177,
    "size1": 0.11,
    "size2": 0.11,
    "camera_depth": 7.1303775105713525,
    "camera_position": [
        -3.8163421442161654,
        6.023106846266408,
        1.5500820675155116
    ],
    "camera_lookat": [
        0.0,
        0.0,
        1.5500820675155116
    ],
    "camera_intrinsics": "default",
    "time": 2,
    "num_frames": 48,
    "frame_start": 0,
    "frame_0": "absolute_ground_truth_v10/sample_47/frame_0000.png",
    "video_path": "absolute_ground_truth_v10/sample_47/video.mp4",
    "chosen_hdri": "outdoor_hdri/quarry_01_4k.hdr",
    "ground_material_file": "outdoor_grounds/concrete_floor_03_4k.blend/concrete_floor_03_4k.blend",
    "fps": 24,
    "centroid_x1": 207.34411276948592,
    "centroid_y1": 252.86857379767827,
    "centroid_x2": 511.6497461928934,
    "centroid_y2": 566.6294416243654,
    "resolution": [
        720,
        1280
    ],
    "rotation_azimuth": 2.1355680644472432,
    "object_1": {
        "positive_points": [
            [
                207,
                253
            ]
        ],
        "negative_points": []
    },
    "object_2": {
        "positive_points": [
            [
                512,
                567
            ]
        ],
        "negative_points": []
    }
}