{
    "ball1": [
        {
            "ball_active": true,
            "collision_shape": "SPHERE",
            "ball_mass": 0.005575279762570685,
            "ball_density": 1,
            "ball_volume": 0.005575279762570685
        }
    ],
    "ball2": [
        {
            "ball_active": true,
            "collision_shape": "SPHERE",
            "ball_mass": 0.005575279762570685,
            "ball_density": 1,
            "ball_volume": 0.005575279762570685
        }
    ],
    "ground": {
        "positive_points": [
            [
                662,
                758
            ]
        ],
        "negative_points": []
    },
    "initial_height1": 1.5743786082314495,
    "initial_height2": 0.7160310111971733,
    "size1": 0.11,
    "size2": 0.11,
    "camera_depth": 3.6210707989323336,
    "camera_position": [
        -1.4675584200314742,
        3.3103513430865874,
        0.7871893041157247
    ],
    "camera_lookat": [
        0.0,
        0.0,
        0.7871893041157247
    ],
    "camera_intrinsics": "default",
    "time": 2,
    "num_frames": 48,
    "frame_start": 0,
    "frame_0": "absolute_ground_truth_v10/sample_38/frame_0000.png",
    "video_path": "absolute_ground_truth_v10/sample_38/video.mp4",
    "chosen_hdri": "outdoor_hdri/quarry_01_4k.hdr",
    "ground_material_file": "outdoor_grounds/concrete_floor_03_4k.blend/concrete_floor_03_4k.blend",
    "fps": 24,
    "centroid_x1": 59.77653983603111,
    "centroid_y1": 252.66081564010932,
    "centroid_x2": 659.1919441460794,
    "centroid_y2": 674.4673469387756,
    "resolution": [
        720,
        1280
    ],
    "rotation_azimuth": 1.9880846943997474,
    "object_1": {
        "positive_points": [
            [
                60,
                253
            ]
        ],
        "negative_points": []
    },
    "object_2": {
        "positive_points": [
            [
                659,
                674
            ]
        ],
        "negative_points": []
    }
}