{
    "ball1": [
        {
            "ball_active": true,
            "collision_shape": "SPHERE",
            "ball_mass": 0.005575279762570685,
            "ball_density": 1,
            "ball_volume": 0.005575279762570685
        }
    ],
    "ball2": [
        {
            "ball_active": true,
            "collision_shape": "SPHERE",
            "ball_mass": 0.005575279762570685,
            "ball_density": 1,
            "ball_volume": 0.005575279762570685
        }
    ],
    "ground": {
        "positive_points": [
            [
                561,
                699
            ]
        ],
        "negative_points": []
    },
    "initial_height1": 2.184573834052691,
    "initial_height2": 1.4808797969707888,
    "size1": 0.11,
    "size2": 0.11,
    "camera_depth": 5.024519818321188,
    "camera_position": [
        -4.652193692025865,
        -1.8981288830258978,
        1.0922869170263454
    ],
    "camera_lookat": [
        0.0,
        0.0,
        1.0922869170263454
    ],
    "camera_intrinsics": "default",
    "time": 2,
    "num_frames": 48,
    "frame_start": 0,
    "frame_0": "absolute_ground_truth_v10/sample_45/frame_0000.png",
    "video_path": "absolute_ground_truth_v10/sample_45/video.mp4",
    "chosen_hdri": "outdoor_hdri/sunflowers_puresky_4k.hdr",
    "ground_material_file": "outdoor_grounds/concrete_floor_03_4k.blend/concrete_floor_03_4k.blend",
    "fps": 24,
    "centroid_x1": 143.53310175725377,
    "centroid_y1": 252.8459337964855,
    "centroid_x2": 575.4160066694456,
    "centroid_y2": 501.9337223843268,
    "resolution": [
        720,
        1280
    ],
    "rotation_azimuth": 3.5289827403460525,
    "object_1": {
        "positive_points": [
            [
                144,
                253
            ]
        ],
        "negative_points": []
    },
    "object_2": {
        "positive_points": [
            [
                575,
                502
            ]
        ],
        "negative_points": []
    }
}