{
    "ball1": [
        {
            "ball_active": true,
            "collision_shape": "SPHERE",
            "ball_mass": 0.005575279762570685,
            "ball_density": 1,
            "ball_volume": 0.005575279762570685
        }
    ],
    "ball2": [
        {
            "ball_active": true,
            "collision_shape": "SPHERE",
            "ball_mass": 0.005575279762570685,
            "ball_density": 1,
            "ball_volume": 0.005575279762570685
        }
    ],
    "ground": {
        "positive_points": [
            [
                537,
                752
            ]
        ],
        "negative_points": []
    },
    "initial_height1": 2.465059138942012,
    "initial_height2": 1.6237039328475031,
    "size1": 0.11,
    "size2": 0.11,
    "camera_depth": 5.669636019566627,
    "camera_position": [
        -4.371748028044321,
        -3.610068112052444,
        1.232529569471006
    ],
    "camera_lookat": [
        0.0,
        0.0,
        1.232529569471006
    ],
    "camera_intrinsics": "default",
    "time": 2,
    "num_frames": 48,
    "frame_start": 0,
    "frame_0": "absolute_ground_truth_v10/sample_13/frame_0000.png",
    "video_path": "absolute_ground_truth_v10/sample_13/video.mp4",
    "chosen_hdri": "outdoor_hdri/quarry_01_4k.hdr",
    "ground_material_file": "outdoor_grounds/concrete_floor_03_4k.blend/concrete_floor_03_4k.blend",
    "fps": 24,
    "centroid_x1": 168.14804252009333,
    "centroid_y1": 252.86155042779362,
    "centroid_x2": 550.8622435385025,
    "centroid_y2": 516.8134825472955,
    "resolution": [
        720,
        1280
    ],
    "rotation_azimuth": 3.8318520131226115,
    "object_1": {
        "positive_points": [
            [
                168,
                253
            ]
        ],
        "negative_points": []
    },
    "object_2": {
        "positive_points": [
            [
                551,
                517
            ]
        ],
        "negative_points": []
    }
}