{
    "ball1": [
        {
            "ball_active": true,
            "collision_shape": "SPHERE",
            "ball_mass": 0.0048490482608158445,
            "ball_density": 1,
            "ball_volume": 0.0048490482608158445
        }
    ],
    "ball2": [
        {
            "ball_active": true,
            "collision_shape": "SPHERE",
            "ball_mass": 0.0048490482608158445,
            "ball_density": 1,
            "ball_volume": 0.0048490482608158445
        }
    ],
    "ground": {
        "positive_points": [
            [
                414,
                798
            ]
        ],
        "negative_points": []
    },
    "initial_height1": 3.771688813706191,
    "initial_height2": 1.1899798246534043,
    "size1": 0.105,
    "size2": 0.105,
    "camera_depth": 8.674884271524238,
    "camera_position": [
        8.29549425114896,
        2.5373987178788338,
        1.8858444068530955
    ],
    "camera_lookat": [
        0.0,
        0.0,
        1.8858444068530955
    ],
    "camera_intrinsics": "default",
    "time": 2,
    "num_frames": 48,
    "frame_start": 0,
    "frame_0": "absolute_ground_truth_v10/sample_32/frame_0000.png",
    "video_path": "absolute_ground_truth_v10/sample_32/video.mp4",
    "chosen_hdri": "outdoor_hdri/sunflowers_puresky_4k.hdr",
    "ground_material_file": "outdoor_grounds/asphalt_02_4k.blend/asphalt_02_4k.blend",
    "fps": 24,
    "centroid_x1": 235.47907949790795,
    "centroid_y1": 252.9783821478382,
    "centroid_x2": 483.4914893617021,
    "centroid_y2": 782.1439716312057,
    "resolution": [
        720,
        1280
    ],
    "rotation_azimuth": 0.2968395384202164,
    "object_1": {
        "positive_points": [
            [
                235,
                253
            ]
        ],
        "negative_points": []
    },
    "object_2": {
        "positive_points": [
            [
                483,
                782
            ]
        ],
        "negative_points": []
    }
}