{
    "ball1": [
        {
            "ball_active": true,
            "collision_shape": "SPHERE",
            "ball_mass": 0.005575279762570685,
            "ball_density": 1,
            "ball_volume": 0.005575279762570685
        }
    ],
    "ball2": [
        {
            "ball_active": true,
            "collision_shape": "SPHERE",
            "ball_mass": 0.005575279762570685,
            "ball_density": 1,
            "ball_volume": 0.005575279762570685
        }
    ],
    "ground": {
        "positive_points": [
            [
                220,
                723
            ]
        ],
        "negative_points": []
    },
    "initial_height1": 3.204726869492688,
    "initial_height2": 3.4310072685151374,
    "size1": 0.11,
    "size2": 0.11,
    "camera_depth": 7.891316717584815,
    "camera_position": [
        7.227415221151118,
        3.1681775136988026,
        1.7155036342575687
    ],
    "camera_lookat": [
        0.0,
        0.0,
        1.7155036342575687
    ],
    "camera_intrinsics": "default",
    "time": 2,
    "num_frames": 48,
    "frame_start": 0,
    "frame_0": "absolute_ground_truth_v10/sample_25/frame_0000.png",
    "video_path": "absolute_ground_truth_v10/sample_25/video.mp4",
    "chosen_hdri": "outdoor_hdri/ehingen_hillside_02_4k.hdr",
    "ground_material_file": "outdoor_grounds/asphalt_02_4k.blend/asphalt_02_4k.blend",
    "fps": 24,
    "centroid_x1": 222.06476287608362,
    "centroid_y1": 303.93931667516574,
    "centroid_x2": 496.922649140546,
    "centroid_y2": 252.95803842264914,
    "resolution": [
        720,
        1280
    ],
    "rotation_azimuth": 0.41312830988458854,
    "object_1": {
        "positive_points": [
            [
                222,
                304
            ]
        ],
        "negative_points": []
    },
    "object_2": {
        "positive_points": [
            [
                497,
                253
            ]
        ],
        "negative_points": []
    }
}