{
    "ball1": [
        {
            "ball_active": true,
            "collision_shape": "SPHERE",
            "ball_mass": 0.005575279762570685,
            "ball_density": 1,
            "ball_volume": 0.005575279762570685
        }
    ],
    "ball2": [
        {
            "ball_active": true,
            "collision_shape": "SPHERE",
            "ball_mass": 0.005575279762570685,
            "ball_density": 1,
            "ball_volume": 0.005575279762570685
        }
    ],
    "ground": {
        "positive_points": [
            [
                520,
                720
            ]
        ],
        "negative_points": []
    },
    "initial_height1": 2.761194785035532,
    "initial_height2": 2.7888723886199727,
    "size1": 0.11,
    "size2": 0.11,
    "camera_depth": 6.414406493825936,
    "camera_position": [
        3.440363734270112,
        5.413733281567845,
        1.3944361943099863
    ],
    "camera_lookat": [
        0.0,
        0.0,
        1.3944361943099863
    ],
    "camera_intrinsics": "default",
    "time": 2,
    "num_frames": 48,
    "frame_start": 0,
    "frame_0": "absolute_ground_truth_v10/sample_6/frame_0000.png",
    "video_path": "absolute_ground_truth_v10/sample_6/video.mp4",
    "chosen_hdri": "outdoor_hdri/syferfontein_0d_clear_4k.hdr",
    "ground_material_file": "outdoor_grounds/concrete_floor_03_4k.blend/concrete_floor_03_4k.blend",
    "fps": 24,
    "centroid_x1": 190.34973226238287,
    "centroid_y1": 260.57998661311916,
    "centroid_x2": 528.645172068159,
    "centroid_y2": 252.91012362178415,
    "resolution": [
        720,
        1280
    ],
    "rotation_azimuth": 1.004690445820623,
    "object_1": {
        "positive_points": [
            [
                190,
                261
            ]
        ],
        "negative_points": []
    },
    "object_2": {
        "positive_points": [
            [
                529,
                253
            ]
        ],
        "negative_points": []
    }
}