{
    "ball1": [
        {
            "ball_active": true,
            "collision_shape": "SPHERE",
            "ball_mass": 0.0072382294738708814,
            "ball_density": 1,
            "ball_volume": 0.0072382294738708814
        }
    ],
    "ball2": [
        {
            "ball_active": true,
            "collision_shape": "SPHERE",
            "ball_mass": 0.0072382294738708814,
            "ball_density": 1,
            "ball_volume": 0.0072382294738708814
        }
    ],
    "ground": {
        "positive_points": [
            [
                507,
                731
            ]
        ],
        "negative_points": []
    },
    "initial_height1": 3.1397200137741548,
    "initial_height2": 1.570497470894181,
    "size1": 0.12,
    "size2": 0.12,
    "camera_depth": 7.221356031680555,
    "camera_position": [
        3.6668444121095884,
        -6.22111203834731,
        1.5698600068870774
    ],
    "camera_lookat": [
        0.0,
        0.0,
        1.5698600068870774
    ],
    "camera_intrinsics": "default",
    "time": 2,
    "num_frames": 48,
    "frame_start": 0,
    "frame_0": "absolute_ground_truth_v10/sample_18/frame_0000.png",
    "video_path": "absolute_ground_truth_v10/sample_18/video.mp4",
    "chosen_hdri": "outdoor_hdri/quarry_01_4k.hdr",
    "ground_material_file": "outdoor_grounds/concrete_floor_03_4k.blend/concrete_floor_03_4k.blend",
    "fps": 24,
    "centroid_x1": 206.85963041933192,
    "centroid_y1": 252.8407960199005,
    "centroid_x2": 512.114598540146,
    "centroid_y2": 639.3098540145985,
    "resolution": [
        720,
        1280
    ],
    "rotation_azimuth": 5.244992335162317,
    "object_1": {
        "positive_points": [
            [
                207,
                253
            ]
        ],
        "negative_points": []
    },
    "object_2": {
        "positive_points": [
            [
                512,
                639
            ]
        ],
        "negative_points": []
    }
}