{
    "ball1": [
        {
            "ball_active": true,
            "collision_shape": "SPHERE",
            "ball_mass": 0.005575279762570685,
            "ball_density": 1,
            "ball_volume": 0.005575279762570685
        }
    ],
    "ball2": [
        {
            "ball_active": true,
            "collision_shape": "SPHERE",
            "ball_mass": 0.005575279762570685,
            "ball_density": 1,
            "ball_volume": 0.005575279762570685
        }
    ],
    "ground": {
        "positive_points": [
            [
                224,
                742
            ]
        ],
        "negative_points": []
    },
    "initial_height1": 1.8598987320702414,
    "initial_height2": 3.5891183992070514,
    "size1": 0.11,
    "size2": 0.11,
    "camera_depth": 8.254972318176218,
    "camera_position": [
        7.402348701222052,
        3.653738041974527,
        1.7945591996035257
    ],
    "camera_lookat": [
        0.0,
        0.0,
        1.7945591996035257
    ],
    "camera_intrinsics": "default",
    "time": 2,
    "num_frames": 48,
    "frame_start": 0,
    "frame_0": "absolute_ground_truth_v10/sample_14/frame_0000.png",
    "video_path": "absolute_ground_truth_v10/sample_14/video.mp4",
    "chosen_hdri": "outdoor_hdri/qwantani_sunrise_4k.hdr",
    "ground_material_file": "outdoor_grounds/concrete_floor_03_4k.blend/concrete_floor_03_4k.blend",
    "fps": 24,
    "centroid_x1": 228.11577752553916,
    "centroid_y1": 625.3870601589103,
    "centroid_x2": 490.93399889073766,
    "centroid_y2": 252.97004991680532,
    "resolution": [
        720,
        1280
    ],
    "rotation_azimuth": 0.45850785692707635,
    "object_1": {
        "positive_points": [
            [
                228,
                625
            ]
        ],
        "negative_points": []
    },
    "object_2": {
        "positive_points": [
            [
                491,
                253
            ]
        ],
        "negative_points": []
    }
}