{
    "ball1": [
        {
            "ball_active": true,
            "collision_shape": "SPHERE",
            "ball_mass": 0.005575279762570685,
            "ball_density": 1,
            "ball_volume": 0.005575279762570685
        }
    ],
    "ball2": [
        {
            "ball_active": true,
            "collision_shape": "SPHERE",
            "ball_mass": 0.005575279762570685,
            "ball_density": 1,
            "ball_volume": 0.005575279762570685
        }
    ],
    "ground": {
        "positive_points": [
            [
                520,
                739
            ]
        ],
        "negative_points": []
    },
    "initial_height1": 2.845755156612479,
    "initial_height2": 2.3531020307775083,
    "size1": 0.11,
    "size2": 0.11,
    "camera_depth": 6.545236860208702,
    "camera_position": [
        -6.512158484795705,
        0.6572042491782611,
        1.4228775783062395
    ],
    "camera_lookat": [
        0.0,
        0.0,
        1.4228775783062395
    ],
    "camera_intrinsics": "default",
    "time": 2,
    "num_frames": 48,
    "frame_start": 0,
    "frame_0": "absolute_ground_truth_v10/sample_3/frame_0000.png",
    "video_path": "absolute_ground_truth_v10/sample_3/video.mp4",
    "chosen_hdri": "outdoor_hdri/quarry_01_4k.hdr",
    "ground_material_file": "outdoor_grounds/concrete_floor_03_4k.blend/concrete_floor_03_4k.blend",
    "fps": 24,
    "centroid_x1": 193.73548835592632,
    "centroid_y1": 252.91414668057004,
    "centroid_x2": 525.2632688927944,
    "centroid_y2": 386.6896309314587,
    "resolution": [
        720,
        1280
    ],
    "rotation_azimuth": 3.041013616592244,
    "object_1": {
        "positive_points": [
            [
                194,
                253
            ]
        ],
        "negative_points": []
    },
    "object_2": {
        "positive_points": [
            [
                525,
                387
            ]
        ],
        "negative_points": []
    }
}