{
    "ball1": [
        {
            "ball_active": true,
            "collision_shape": "SPHERE",
            "ball_mass": 0.005575279762570685,
            "ball_density": 1,
            "ball_volume": 0.005575279762570685
        }
    ],
    "ball2": [
        {
            "ball_active": true,
            "collision_shape": "SPHERE",
            "ball_mass": 0.005575279762570685,
            "ball_density": 1,
            "ball_volume": 0.005575279762570685
        }
    ],
    "ground": {
        "positive_points": [
            [
                476,
                736
            ]
        ],
        "negative_points": []
    },
    "initial_height1": 3.841144947105135,
    "initial_height2": 2.194767997309746,
    "size1": 0.11,
    "size2": 0.11,
    "camera_depth": 8.83463337834181,
    "camera_position": [
        8.793000258671197,
        0.8566757733935625,
        1.9205724735525675
    ],
    "camera_lookat": [
        0.0,
        0.0,
        1.9205724735525675
    ],
    "camera_intrinsics": "default",
    "time": 2,
    "num_frames": 48,
    "frame_start": 0,
    "frame_0": "absolute_ground_truth_v10/sample_19/frame_0000.png",
    "video_path": "absolute_ground_truth_v10/sample_19/video.mp4",
    "chosen_hdri": "outdoor_hdri/belfast_sunset_4k.hdr",
    "ground_material_file": "outdoor_grounds/concrete_floor_03_4k.blend/concrete_floor_03_4k.blend",
    "fps": 24,
    "centroid_x1": 236.66371120962634,
    "centroid_y1": 252.99683343888537,
    "centroid_x2": 482.3190661478599,
    "centroid_y2": 584.3359273670558,
    "resolution": [
        720,
        1280
    ],
    "rotation_azimuth": 0.09712049955601976,
    "object_1": {
        "positive_points": [
            [
                237,
                253
            ]
        ],
        "negative_points": []
    },
    "object_2": {
        "positive_points": [
            [
                482,
                584
            ]
        ],
        "negative_points": []
    }
}