{
    "ball1": [
        {
            "ball_active": true,
            "collision_shape": "SPHERE",
            "ball_mass": 0.005575279762570685,
            "ball_density": 1,
            "ball_volume": 0.005575279762570685
        }
    ],
    "ball2": [
        {
            "ball_active": true,
            "collision_shape": "SPHERE",
            "ball_mass": 0.005575279762570685,
            "ball_density": 1,
            "ball_volume": 0.005575279762570685
        }
    ],
    "ground": {
        "positive_points": [
            [
                521,
                721
            ]
        ],
        "negative_points": []
    },
    "initial_height1": 2.6294912803411394,
    "initial_height2": 1.949750545834684,
    "size1": 0.11,
    "size2": 0.11,
    "camera_depth": 6.04782994478462,
    "camera_position": [
        -6.019746684848565,
        0.5821485130860108,
        1.3147456401705697
    ],
    "camera_lookat": [
        0.0,
        0.0,
        1.3147456401705697
    ],
    "camera_intrinsics": "default",
    "time": 2,
    "num_frames": 48,
    "frame_start": 0,
    "frame_0": "absolute_ground_truth_v10/sample_24/frame_0000.png",
    "video_path": "absolute_ground_truth_v10/sample_24/video.mp4",
    "chosen_hdri": "outdoor_hdri/quarry_01_4k.hdr",
    "ground_material_file": "outdoor_grounds/concrete_floor_03_4k.blend/concrete_floor_03_4k.blend",
    "fps": 24,
    "centroid_x1": 180.14030915576694,
    "centroid_y1": 252.86979785969083,
    "centroid_x2": 538.8922101449275,
    "centroid_y2": 452.78049516908214,
    "resolution": [
        720,
        1280
    ],
    "rotation_azimuth": 3.0451859640053445,
    "object_1": {
        "positive_points": [
            [
                180,
                253
            ]
        ],
        "negative_points": []
    },
    "object_2": {
        "positive_points": [
            [
                539,
                453
            ]
        ],
        "negative_points": []
    }
}